NOx,NO2,Temperature,Relative_Humidity
76.0,84.0,36.4,21.0
135.0,96.0,3.1,48.1
239.0,81.0,20.2,53.1
187.0,108.0,30.5,24.2
412.0,86.0,20.4,71.6
189.0,93.0,31.1,28.6
614.0,135.0,16.9,50.3
99.0,106.0,26.8,33.5
173.0,116.0,18.5,43.8
582.0,229.0,16.9,42.9
33.0,51.0,26.6,33.0
167.0,116.0,20.4,34.7
467.0,106.0,10.4,80.8
89.0,79.0,21.3,44.7
101.0,82.0,3.2,46.9
289.0,150.0,7.3,43.8
541.0,212.0,18.3,51.0
267.0,120.0,27.9,37.0
196.0,149.0,28.5,27.8
424.0,202.0,8.0,41.3
209.0,101.0,33.8,25.8
692.0,178.0,11.6,64.3
226.0,159.0,36.8,18.0
618.0,150.0,19.0,61.6
374.0,204.0,7.9,28.0
331.0,160.0,8.3,38.5
81.0,90.0,31.9,20.4
143.0,124.0,24.2,35.9
374.0,110.0,5.7,79.3
32.0,49.0,26.0,33.1
122.0,71.0,20.1,47.8
768.0,242.0,11.0,33.8
102.0,80.0,13.6,59.7
59.0,75.0,40.5,23.3
404.0,101.0,20.1,59.6
282.0,96.0,24.9,49.2
278.0,109.0,15.3,54.3
365.0,119.0,27.0,44.2
449.0,159.0,17.0,56.6
346.0,121.0,18.6,49.3
216.0,122.0,2.7,49.4
180.0,120.0,16.5,40.8
426.0,184.0,9.5,34.6
117.0,102.0,30.9,30.3
112.0,129.0,40.4,20.0
110.0,107.0,24.7,47.7
116.0,100.0,7.2,47.8
127.0,56.0,20.4,61.1
141.0,104.0,9.0,37.3
188.0,112.0,1.4,76.3
170.0,74.0,31.0,29.1
604.0,189.0,18.8,58.3
205.0,154.0,22.9,36.5
393.0,172.0,17.7,39.7
280.0,183.0,32.6,28.0
58.0,42.0,20.2,46.7
49.0,62.0,17.1,81.8
147.0,115.0,40.3,15.8
49.0,46.0,10.7,81.5
183.0,128.0,19.2,52.3
267.0,110.0,7.5,71.7
366.0,68.0,20.2,66.6
164.0,108.0,22.8,33.0
47.0,61.0,21.2,37.6
68.0,74.0,19.3,51.4
572.0,141.0,17.4,53.3
90.0,78.0,33.9,36.0
431.0,244.0,4.6,78.2
536.0,165.0,21.6,43.3
264.0,122.0,31.8,27.4
142.0,89.0,9.8,70.7
54.0,64.0,31.5,21.9
71.0,71.0,24.9,50.6
248.0,101.0,21.5,65.8
164.0,112.0,34.6,27.7
90.0,101.0,19.7,33.7
121.0,81.0,6.9,70.0
647.0,185.0,14.7,52.3
138.0,124.0,17.6,35.1
279.0,121.0,17.3,34.5
335.0,204.0,4.8,41.9
315.0,198.0,7.6,47.8
19.0,2.0,15.6,50.0
243.0,134.0,15.3,46.8
56.0,71.0,6.8,62.9
191.0,133.0,4.9,52.2
139.0,84.0,16.3,69.8
102.0,90.0,28.4,23.6
70.0,84.0,19.3,43.0
158.0,120.0,23.0,28.7
45.0,60.0,40.3,12.6
130.0,82.0,19.9,36.6
229.0,114.0,14.5,68.9
161.0,77.0,7.0,77.3
130.0,101.0,25.5,25.6
146.0,112.0,8.3,76.4
228.0,89.0,11.3,70.2
188.0,123.0,17.4,49.1
294.0,166.0,30.2,29.0
350.0,198.0,3.7,33.9
59.0,59.0,14.2,52.2
299.0,128.0,10.3,32.6
220.0,111.0,20.8,50.4
596.0,178.0,17.2,34.2
102.0,103.0,20.1,35.0
525.0,178.0,12.3,41.2
180.0,121.0,16.8,35.3
433.0,246.0,2.9,49.5
339.0,109.0,21.1,70.1
215.0,80.0,17.6,80.5
374.0,126.0,13.0,70.0
93.0,97.0,9.6,61.1
186.0,99.0,3.2,55.7
372.0,141.0,6.6,56.6
419.0,153.0,14.7,56.6
62.0,65.0,8.3,63.6
55.0,22.0,15.5,50.9
56.0,87.0,30.6,28.4
133.0,111.0,26.6,37.9
198.0,120.0,4.5,62.7
192.0,86.0,6.2,82.1
297.0,98.0,28.5,39.4
109.0,103.0,33.3,23.9
113.0,104.0,21.2,31.4
34.0,47.0,14.2,49.9
196.0,107.0,9.5,51.0
781.0,121.0,7.1,84.1
75.0,59.0,10.1,64.5
172.0,113.0,34.3,19.4
344.0,155.0,26.8,28.9
67.0,65.0,3.8,41.0
136.0,107.0,17.4,48.6
46.0,30.0,20.4,71.2
231.0,79.0,18.3,65.5
82.0,74.0,21.8,34.9
650.0,164.0,8.5,57.8
54.0,66.0,39.7,13.5
305.0,131.0,20.4,55.7
47.0,37.0,25.8,64.6
245.0,107.0,25.6,61.2
128.0,94.0,16.8,36.9
108.0,88.0,13.4,61.3
176.0,81.0,20.7,49.7
527.0,138.0,24.2,44.0
70.0,72.0,14.0,43.8
211.0,132.0,22.8,32.1
15.0,23.0,16.5,53.9
61.0,76.0,19.2,42.0
173.0,113.0,12.3,56.0
53.0,64.0,27.6,52.4
100.0,98.0,31.7,21.7
366.0,100.0,27.7,39.2
101.0,85.0,20.6,50.5
162.0,69.0,18.1,72.5
149.0,144.0,39.7,18.7
100.0,83.0,22.8,16.1
285.0,187.0,10.5,27.8
103.0,88.0,9.8,75.0
212.0,111.0,2.7,50.5
87.0,77.0,17.4,35.4
218.0,135.0,14.5,54.4
137.0,95.0,20.5,21.9
202.0,181.0,36.9,27.8
285.0,121.0,13.9,83.6
522.0,137.0,23.8,54.7
264.0,132.0,8.1,49.9
347.0,120.0,10.1,66.2
159.0,68.0,12.8,66.3
162.0,120.0,12.0,38.7
351.0,212.0,8.0,33.3
65.0,69.0,16.4,47.7
248.0,148.0,6.1,66.0
796.0,210.0,11.5,37.5
241.0,108.0,14.9,58.4
77.0,77.0,18.9,42.1
224.0,137.0,3.2,52.4
435.0,141.0,10.6,56.9
240.0,128.0,19.3,41.6
180.0,94.0,11.3,40.3
143.0,135.0,42.2,14.6
351.0,165.0,9.6,67.8
84.0,69.0,11.6,73.8
208.0,108.0,17.6,43.3
115.0,63.0,18.0,34.7
460.0,146.0,17.4,23.3
100.0,97.0,23.4,43.2
147.0,109.0,3.8,46.5
51.0,55.0,32.8,28.9
174.0,64.0,23.1,70.8
310.0,159.0,0.8,36.3
51.0,39.0,11.7,38.1
117.0,86.0,24.2,31.2
235.0,93.0,13.5,78.3
35.0,34.0,5.2,57.2
111.0,102.0,27.1,47.4
95.0,90.0,15.5,51.9
49.0,58.0,33.9,20.3
89.0,86.0,25.2,51.0
253.0,126.0,4.3,55.3
282.0,155.0,11.6,68.3
333.0,108.0,19.6,54.3
64.0,80.0,23.4,38.6
70.0,86.0,24.2,39.5
450.0,98.0,11.7,68.9
476.0,166.0,15.8,48.9
107.0,87.0,21.3,28.1
55.0,66.0,14.9,60.6
394.0,112.0,26.8,49.1
193.0,86.0,11.8,80.7
393.0,210.0,7.4,43.8
12.0,19.0,15.7,45.4
400.0,148.0,13.4,64.5
100.0,99.0,28.2,36.6
149.0,115.0,0.3,53.7
136.0,75.0,20.5,66.9
55.0,54.0,19.9,55.2
119.0,106.0,13.9,64.0
56.0,67.0,19.2,37.9
239.0,144.0,31.1,26.2
318.0,69.0,20.1,71.3
133.0,115.0,29.6,18.9
162.0,117.0,7.4,56.0
76.0,81.0,15.8,48.6
288.0,146.0,9.6,18.8
146.0,69.0,12.0,71.9
158.0,115.0,5.0,63.5
39.0,37.0,3.4,38.9
213.0,146.0,11.5,33.1
208.0,146.0,10.9,32.6
265.0,169.0,6.9,48.2
90.0,69.0,11.1,66.1
518.0,193.0,24.1,20.6
278.0,160.0,7.0,60.0
109.0,98.0,18.8,36.8
168.0,110.0,9.2,55.0
176.0,114.0,9.4,53.6
477.0,148.0,7.4,44.6
43.0,31.0,18.1,79.0
31.0,43.0,20.3,59.6
41.0,46.0,32.0,15.0
105.0,117.0,34.2,19.6
466.0,187.0,7.5,24.3
27.0,46.0,19.7,43.2
113.0,72.0,6.7,79.8
111.0,83.0,27.0,42.8
26.0,42.0,20.5,54.3
116.0,90.0,21.7,18.1
455.0,224.0,6.0,46.4
346.0,200.0,3.1,57.2
590.0,171.0,31.0,21.9
166.0,122.0,28.3,34.5
535.0,114.0,21.3,61.6
180.0,122.0,4.3,49.7
475.0,138.0,7.3,61.4
122.0,116.0,24.0,34.9
438.0,127.0,14.6,72.1
43.0,53.0,27.1,48.2
194.0,81.0,6.5,79.7
175.0,111.0,22.8,43.0
134.0,73.0,14.5,65.7
209.0,105.0,13.8,63.4
340.0,121.0,9.0,70.8
55.0,69.0,25.7,33.9
214.0,73.0,21.0,76.8
550.0,213.0,8.3,53.3
253.0,140.0,12.5,38.5
58.0,68.0,36.0,20.5
592.0,136.0,12.8,71.8
162.0,120.0,13.0,27.4
513.0,127.0,10.4,82.5
40.0,52.0,35.8,22.4
228.0,121.0,16.6,55.2
159.0,132.0,36.6,27.1
163.0,124.0,28.4,50.7
330.0,116.0,13.4,37.1
41.0,56.0,15.5,32.2
152.0,126.0,24.7,30.5
74.0,68.0,20.2,50.7
495.0,139.0,16.8,70.3
87.0,93.0,27.1,54.7
305.0,118.0,20.1,75.4
274.0,170.0,30.3,25.6
57.0,67.0,22.0,44.9
472.0,190.0,21.9,29.3
192.0,113.0,19.2,39.6
203.0,124.0,8.8,45.0
401.0,126.0,12.5,72.6
359.0,115.0,14.5,60.4
72.0,84.0,24.2,37.3
406.0,133.0,22.6,61.1
77.0,70.0,21.3,35.8
193.0,114.0,12.3,73.4
358.0,170.0,6.8,72.1
294.0,149.0,9.5,35.9
183.0,122.0,6.4,52.6
201.0,121.0,26.6,39.9
66.0,62.0,8.3,67.2
122.0,113.0,33.0,26.0
249.0,125.0,19.7,49.3
66.0,72.0,21.2,23.1
270.0,146.0,17.5,34.1
174.0,66.0,22.3,60.6
172.0,151.0,40.2,13.9
317.0,167.0,10.9,44.8
208.0,120.0,23.2,43.9
251.0,131.0,25.4,30.5
323.0,146.0,31.5,34.9
121.0,95.0,25.4,24.2
217.0,146.0,16.7,49.6
361.0,99.0,14.4,60.3
455.0,114.0,21.7,53.1
159.0,127.0,37.3,22.9
234.0,159.0,32.5,25.3
339.0,124.0,11.5,60.0
105.0,89.0,22.3,33.6
259.0,155.0,8.9,37.9
130.0,88.0,19.7,38.4
42.0,56.0,24.6,62.7
144.0,130.0,40.1,19.0
277.0,134.0,12.8,65.5
154.0,119.0,7.1,62.6
254.0,151.0,8.3,38.2
170.0,113.0,13.8,58.0
221.0,125.0,17.5,60.8
683.0,188.0,12.5,63.6
434.0,170.0,14.7,37.2
48.0,50.0,24.9,50.6
560.0,174.0,8.3,58.2
137.0,103.0,17.1,61.5
148.0,81.0,12.3,67.5
84.0,61.0,12.5,67.4
95.0,57.0,19.5,68.0
59.0,65.0,35.3,23.7
68.0,81.0,15.1,44.6
139.0,139.0,40.0,18.8
309.0,141.0,1.6,37.9
131.0,143.0,38.5,22.4
90.0,60.0,14.7,37.5
125.0,119.0,34.0,32.7
359.0,131.0,10.7,50.4
533.0,120.0,13.1,81.7
65.0,84.0,16.7,28.3
48.0,68.0,35.2,20.5
279.0,50.0,18.2,70.0
53.0,65.0,20.0,31.5
287.0,226.0,38.8,24.2
46.0,60.0,37.2,29.1
110.0,64.0,11.5,81.4
136.0,91.0,20.9,36.6
213.0,108.0,33.3,24.4
96.0,63.0,12.4,65.4
40.0,56.0,35.2,32.1
211.0,138.0,12.3,19.3
135.0,100.0,4.4,53.1
174.0,88.0,15.6,61.7
115.0,61.0,18.0,35.1
541.0,211.0,5.8,64.3
275.0,148.0,30.2,22.8
337.0,127.0,3.5,80.3
142.0,110.0,18.5,46.3
7.0,11.0,25.4,63.1
266.0,84.0,21.4,61.7
32.0,29.0,8.0,64.5
399.0,127.0,12.0,66.6
128.0,105.0,4.5,48.0
313.0,161.0,24.7,25.5
366.0,153.0,17.5,49.8
463.0,166.0,12.0,73.3
21.0,31.0,10.7,45.8
194.0,122.0,1.8,74.5
177.0,131.0,23.7,30.2
28.0,43.0,14.3,61.9
91.0,89.0,25.6,36.0
27.0,33.0,14.6,53.3
694.0,178.0,14.3,45.8
250.0,150.0,0.8,69.9
52.0,59.0,28.7,20.7
667.0,151.0,24.0,50.0
227.0,141.0,11.1,43.3
83.0,84.0,25.4,40.1
59.0,44.0,18.3,70.8
231.0,167.0,4.2,77.9
574.0,224.0,11.0,51.4
153.0,67.0,9.6,68.8
27.0,35.0,33.0,37.3
765.0,187.0,16.4,68.2
119.0,97.0,13.9,33.2
70.0,65.0,29.8,43.4
290.0,139.0,23.7,49.0
215.0,154.0,21.2,40.1
90.0,54.0,18.8,59.5
126.0,76.0,11.2,42.0
386.0,166.0,23.6,22.9
137.0,100.0,17.1,35.8
318.0,177.0,25.9,21.9
111.0,120.0,32.7,27.7
215.0,136.0,10.1,58.9
93.0,65.0,15.5,63.8
595.0,215.0,10.9,25.7
165.0,111.0,17.5,30.9
143.0,84.0,22.1,61.3
106.0,91.0,13.5,67.8
339.0,107.0,23.3,46.2
372.0,120.0,8.8,52.5
97.0,96.0,19.8,46.8
563.0,184.0,21.4,38.7
432.0,123.0,7.7,73.8
590.0,175.0,17.4,57.3
480.0,167.0,10.7,37.9
98.0,98.0,20.5,41.5
416.0,82.0,20.0,69.6
96.0,92.0,28.2,19.0
710.0,178.0,12.7,44.4
108.0,90.0,11.6,62.2
115.0,79.0,11.8,67.1
163.0,106.0,23.6,27.5
54.0,53.0,26.7,28.1
360.0,121.0,8.1,53.2
605.0,127.0,10.4,74.6
67.0,81.0,18.0,40.5
150.0,119.0,12.2,53.2
102.0,96.0,19.1,22.8
531.0,165.0,5.2,67.8
766.0,243.0,18.0,36.0
160.0,116.0,16.1,34.5
118.0,70.0,9.2,55.9
588.0,196.0,6.3,78.8
315.0,110.0,23.7,45.4
247.0,134.0,10.7,67.3
83.0,68.0,12.2,72.4
162.0,69.0,17.8,66.9
330.0,97.0,17.0,43.0
69.0,83.0,15.1,58.2
255.0,117.0,12.7,51.2
548.0,155.0,14.4,63.8
41.0,54.0,33.8,32.1
702.0,166.0,11.4,68.0
152.0,110.0,0.3,31.9
685.0,137.0,15.4,63.9
387.0,123.0,16.4,59.5
84.0,80.0,18.4,43.9
154.0,124.0,16.8,44.0
200.0,124.0,21.0,37.3
305.0,75.0,16.2,70.1
268.0,92.0,19.8,64.3
159.0,106.0,11.8,77.5
420.0,139.0,14.1,66.0
148.0,112.0,6.7,62.8
139.0,41.0,20.6,70.7
473.0,166.0,21.5,42.7
366.0,111.0,20.2,66.9
251.0,150.0,12.1,67.6
529.0,113.0,22.0,69.2
70.0,58.0,13.8,51.2
61.0,70.0,22.3,22.4
95.0,88.0,1.2,51.9
97.0,73.0,3.5,55.9
161.0,146.0,38.5,23.8
276.0,147.0,26.2,19.4
69.0,78.0,27.2,38.9
107.0,61.0,12.8,59.8
310.0,145.0,16.4,53.2
222.0,133.0,12.7,70.4
248.0,172.0,25.7,27.9
163.0,106.0,34.9,20.5
312.0,156.0,5.7,54.5
48.0,67.0,23.8,36.9
66.0,74.0,9.9,50.2
96.0,79.0,13.0,61.2
268.0,133.0,5.8,42.5
191.0,148.0,23.1,27.2
121.0,89.0,11.1,33.4
152.0,117.0,4.5,76.3
386.0,147.0,12.7,21.3
282.0,135.0,16.4,43.5
44.0,53.0,27.2,45.9
149.0,119.0,35.9,20.8
349.0,150.0,17.8,40.5
54.0,59.0,6.3,66.6
67.0,69.0,26.8,28.1
289.0,79.0,23.0,62.3
142.0,107.0,6.6,43.2
270.0,118.0,21.5,43.4
690.0,144.0,6.9,75.2
397.0,178.0,11.6,15.3
203.0,136.0,32.3,16.7
643.0,194.0,13.3,59.0
108.0,58.0,11.8,81.4
559.0,146.0,12.0,67.4
234.0,149.0,21.7,31.8
52.0,59.0,26.9,39.7
433.0,171.0,7.0,43.4
186.0,114.0,7.3,32.4
428.0,161.0,17.4,33.2
438.0,164.0,9.9,53.3
214.0,106.0,14.9,56.9
56.0,51.0,3.6,48.0
237.0,82.0,16.8,79.0
300.0,163.0,28.5,33.3
156.0,113.0,13.1,26.6
89.0,104.0,30.2,18.0
395.0,90.0,19.5,57.4
83.0,75.0,21.1,46.9
480.0,174.0,5.9,37.8
612.0,171.0,10.5,25.1
107.0,65.0,17.3,78.6
75.0,75.0,21.2,46.3
737.0,156.0,5.8,83.8
166.0,86.0,16.7,51.9
414.0,181.0,12.5,17.2
125.0,115.0,13.2,50.3
161.0,119.0,19.3,38.3
276.0,176.0,18.6,36.2
211.0,89.0,19.6,66.7
272.0,122.0,13.8,83.5
106.0,80.0,12.2,66.9
343.0,103.0,7.7,76.8
243.0,130.0,30.8,32.0
126.0,63.0,21.2,68.6
74.0,49.0,21.7,67.4
346.0,147.0,19.6,49.4
149.0,87.0,16.5,59.2
230.0,115.0,23.9,38.1
326.0,109.0,5.3,80.4
111.0,77.0,24.7,45.9
253.0,155.0,9.3,34.6
255.0,76.0,18.1,67.5
241.0,154.0,19.3,28.6
39.0,52.0,9.6,58.5
267.0,115.0,1.2,61.4
184.0,112.0,8.7,74.6
344.0,98.0,28.0,39.6
270.0,86.0,19.3,70.4
144.0,108.0,5.7,54.3
248.0,172.0,3.2,83.0
99.0,73.0,23.1,49.9
568.0,99.0,12.8,77.9
242.0,156.0,4.5,47.9
108.0,89.0,30.4,31.3
46.0,63.0,33.0,17.7
47.0,53.0,38.3,27.1
135.0,111.0,17.8,37.5
283.0,125.0,30.5,29.3
57.0,71.0,19.3,57.3
228.0,142.0,11.8,53.4
33.0,46.0,16.8,77.4
92.0,62.0,22.2,45.0
165.0,102.0,20.6,47.1
98.0,74.0,21.0,61.3
99.0,106.0,10.6,56.1
133.0,99.0,21.3,26.1
369.0,158.0,16.7,45.2
794.0,224.0,9.7,31.9
107.0,106.0,19.2,35.6
345.0,128.0,18.1,39.9
103.0,83.0,2.9,49.0
455.0,117.0,23.3,53.1
229.0,123.0,23.6,53.6
41.0,45.0,17.9,46.1
726.0,110.0,11.1,77.2
104.0,99.0,14.8,54.7
177.0,126.0,9.6,31.1
158.0,103.0,14.9,40.5
156.0,121.0,29.4,35.6
324.0,168.0,18.2,28.1
272.0,151.0,6.0,70.1
41.0,12.0,19.8,31.1
70.0,57.0,13.1,64.0
173.0,138.0,32.6,9.3
509.0,231.0,9.7,39.7
388.0,135.0,15.1,45.4
230.0,101.0,26.1,47.1
105.0,68.0,15.9,65.1
61.0,63.0,22.9,30.7
66.0,86.0,32.0,19.8
95.0,103.0,19.7,47.1
207.0,143.0,8.9,46.1
73.0,79.0,23.2,30.2
26.0,7.0,15.4,53.6
182.0,104.0,7.5,55.3
701.0,240.0,19.1,32.5
188.0,64.0,9.8,79.2
41.0,54.0,16.7,43.4
244.0,132.0,11.2,69.7
278.0,105.0,25.4,47.4
75.0,62.0,20.7,53.3
164.0,74.0,21.2,65.7
542.0,117.0,9.9,76.3
159.0,97.0,8.8,50.9
580.0,193.0,10.3,71.1
112.0,98.0,10.8,58.4
87.0,79.0,25.4,68.0
228.0,102.0,24.7,49.5
294.0,115.0,18.0,42.7
45.0,60.0,10.7,59.7
131.0,91.0,19.7,58.4
178.0,72.0,21.4,52.1
275.0,114.0,11.2,57.0
137.0,87.0,29.8,28.5
282.0,159.0,13.3,60.5
218.0,109.0,24.1,50.7
53.0,65.0,28.6,53.7
202.0,180.0,32.2,17.1
581.0,115.0,16.1,46.4
48.0,54.0,22.1,56.2
147.0,117.0,7.1,39.6
75.0,88.0,27.7,40.6
170.0,77.0,15.3,59.1
354.0,165.0,6.9,86.0
24.0,36.0,26.2,43.6
167.0,104.0,9.8,81.9
345.0,90.0,19.5,58.9
398.0,111.0,28.0,38.5
94.0,40.0,17.8,68.1
219.0,137.0,18.9,26.2
215.0,140.0,5.4,30.1
111.0,83.0,11.5,34.2
239.0,53.0,19.7,74.4
190.0,100.0,12.4,73.8
34.0,51.0,21.3,58.1
497.0,155.0,4.5,76.6
109.0,87.0,16.3,55.3
218.0,136.0,10.2,25.6
287.0,137.0,20.9,42.5
46.0,36.0,27.3,52.4
310.0,112.0,7.9,60.2
63.0,67.0,13.6,59.0
259.0,94.0,16.9,80.6
210.0,83.0,25.4,34.8
304.0,185.0,11.8,23.0
394.0,65.0,17.6,74.8
129.0,106.0,15.9,42.0
275.0,130.0,29.8,38.0
109.0,87.0,12.8,64.5
698.0,144.0,13.1,70.3
284.0,122.0,2.8,30.3
317.0,206.0,34.9,29.3
202.0,115.0,25.5,34.1
117.0,100.0,4.0,80.8
180.0,128.0,21.3,30.8
140.0,116.0,14.2,60.5
317.0,195.0,6.7,76.2
57.0,64.0,32.5,40.6
219.0,138.0,20.8,22.5
378.0,103.0,13.0,79.2
107.0,123.0,43.1,13.8
73.0,73.0,10.9,64.6
115.0,139.0,32.4,19.1
25.0,25.0,3.6,50.3
90.0,81.0,19.8,23.1
436.0,129.0,15.4,59.6
434.0,145.0,19.1,36.8
295.0,138.0,16.3,51.5
134.0,89.0,15.0,41.7
637.0,121.0,13.4,78.8
269.0,111.0,8.9,57.4
565.0,111.0,20.0,63.9
270.0,158.0,16.0,50.7
180.0,87.0,11.7,75.3
565.0,241.0,12.2,34.3
275.0,125.0,20.9,44.6
402.0,137.0,13.3,50.9
371.0,127.0,20.3,35.5
231.0,157.0,6.9,71.3
249.0,139.0,13.6,65.3
190.0,94.0,16.9,80.9
203.0,115.0,12.5,63.7
117.0,99.0,26.9,32.6
433.0,120.0,8.5,76.9
140.0,55.0,17.6,70.8
99.0,95.0,27.0,31.8
146.0,84.0,18.5,57.4
105.0,90.0,6.9,39.6
102.0,65.0,23.6,40.8
168.0,63.0,20.8,68.6
98.0,89.0,20.3,38.0
57.0,50.0,19.5,63.5
110.0,92.0,26.6,47.6
441.0,102.0,23.3,57.5
136.0,130.0,33.4,24.7
184.0,106.0,7.2,68.6
395.0,168.0,11.5,78.1
119.0,54.0,23.4,27.1
612.0,231.0,17.0,55.9
249.0,94.0,29.4,42.9
62.0,75.0,16.4,50.5
78.0,79.0,18.9,49.3
257.0,135.0,18.4,36.9
92.0,107.0,34.6,18.2
402.0,159.0,16.4,62.5
570.0,208.0,18.3,50.0
398.0,148.0,10.2,23.8
41.0,49.0,15.3,49.7
230.0,110.0,9.6,51.7
238.0,146.0,15.3,47.4
43.0,55.0,25.4,55.1
107.0,85.0,11.2,33.8
108.0,81.0,14.5,78.3
111.0,89.0,15.3,62.1
346.0,132.0,25.1,25.8
184.0,100.0,14.3,68.5
279.0,161.0,15.7,44.1
67.0,64.0,22.8,31.4
106.0,73.0,14.6,56.8
144.0,123.0,28.9,26.0
108.0,87.0,3.7,65.9
226.0,126.0,20.1,32.9
300.0,170.0,4.8,39.6
101.0,62.0,16.2,57.4
452.0,186.0,8.3,39.5
267.0,179.0,38.2,20.9
107.0,73.0,23.1,32.1
112.0,103.0,22.1,44.1
358.0,142.0,19.1,42.1
399.0,231.0,2.1,59.9
170.0,122.0,22.0,24.0
33.0,32.0,5.8,59.4
148.0,78.0,7.3,63.5
473.0,167.0,8.9,54.8
106.0,101.0,27.9,30.4
22.0,36.0,22.1,44.3
89.0,42.0,26.8,60.5
274.0,145.0,9.7,62.5
105.0,75.0,9.7,58.6
91.0,90.0,15.7,49.4
492.0,151.0,12.7,45.5
460.0,152.0,17.7,55.6
119.0,96.0,16.9,34.6
74.0,62.0,2.7,43.2
284.0,120.0,14.6,77.7
69.0,92.0,39.7,19.1
271.0,156.0,13.6,20.0
320.0,157.0,13.0,61.6
282.0,104.0,23.7,54.4
348.0,233.0,36.9,17.9
281.0,186.0,29.5,20.1
394.0,107.0,26.2,51.7
216.0,59.0,16.8,73.3
98.0,106.0,17.1,51.8
137.0,112.0,32.2,30.4
204.0,147.0,34.1,19.1
56.0,73.0,32.0,38.2
321.0,194.0,8.6,38.1
147.0,104.0,9.8,68.0
129.0,118.0,23.7,39.4
84.0,88.0,27.3,44.1
327.0,95.0,12.7,65.6
124.0,109.0,17.3,38.8
73.0,77.0,18.4,24.6
438.0,150.0,14.4,28.9
83.0,71.0,20.1,47.8
530.0,105.0,24.4,52.5
811.0,216.0,7.3,76.7
178.0,135.0,16.0,48.4
41.0,65.0,24.8,37.8
549.0,220.0,17.3,53.6
176.0,125.0,26.1,37.8
134.0,123.0,26.3,27.3
341.0,112.0,26.9,53.1
134.0,100.0,8.3,40.3
253.0,141.0,13.4,47.8
234.0,130.0,8.9,54.4
441.0,174.0,23.9,44.4
176.0,72.0,13.0,67.6
124.0,87.0,18.5,36.7
180.0,96.0,12.3,71.2
123.0,77.0,18.3,60.8
100.0,63.0,8.3,80.4
73.0,69.0,13.9,59.6
156.0,110.0,15.6,61.6
606.0,147.0,22.9,41.3
89.0,84.0,15.6,56.6
91.0,75.0,15.1,54.5
225.0,78.0,8.7,84.2
72.0,69.0,38.8,15.8
33.0,50.0,21.1,45.6
65.0,64.0,21.3,42.3
701.0,165.0,23.5,52.0
316.0,137.0,11.2,79.6
34.0,49.0,22.5,43.2
167.0,76.0,17.3,57.6
72.0,70.0,23.8,55.4
454.0,77.0,19.3,70.8
232.0,119.0,14.8,44.1
706.0,207.0,13.1,69.6
255.0,124.0,16.4,72.4
182.0,93.0,9.5,63.1
18.0,29.0,24.3,48.3
102.0,96.0,24.7,39.3
85.0,69.0,9.8,61.8
179.0,82.0,16.7,54.7
573.0,187.0,11.6,76.0
230.0,146.0,21.5,40.8
308.0,158.0,13.7,58.5
363.0,211.0,33.1,25.9
33.0,26.0,10.9,50.1
108.0,83.0,4.5,42.0
186.0,142.0,6.9,36.4
68.0,82.0,14.8,41.0
94.0,87.0,9.4,53.4
76.0,69.0,13.9,60.7
58.0,61.0,26.6,42.8
203.0,116.0,1.9,35.0
31.0,9.0,19.8,31.2
191.0,80.0,12.6,71.5
152.0,117.0,27.1,38.3
461.0,171.0,13.4,40.4
47.0,64.0,14.0,51.3
191.0,131.0,10.3,32.9
126.0,110.0,34.4,22.5
69.0,61.0,15.1,44.5
215.0,150.0,4.0,50.0
280.0,111.0,11.3,79.9
28.0,37.0,31.2,36.3
71.0,85.0,29.5,42.7
628.0,246.0,11.6,59.8
124.0,84.0,15.0,53.1
253.0,139.0,11.0,59.1
472.0,107.0,14.0,75.7
601.0,144.0,24.7,43.6
667.0,177.0,21.0,37.2
345.0,197.0,9.1,37.8
205.0,127.0,16.1,41.5
75.0,92.0,9.9,59.5
99.0,84.0,26.0,48.0
516.0,175.0,6.5,41.7
183.0,92.0,16.6,19.9
176.0,119.0,19.4,25.3
44.0,52.0,24.7,56.9
145.0,92.0,23.0,55.8
256.0,133.0,6.1,45.2
265.0,153.0,31.1,18.7
185.0,119.0,17.8,48.1
300.0,130.0,13.0,54.2
154.0,77.0,11.3,81.0
512.0,175.0,11.0,33.0
285.0,124.0,14.5,45.4
140.0,109.0,12.2,70.0
112.0,80.0,22.0,20.2
200.0,128.0,22.4,20.0
129.0,102.0,30.2,20.5
95.0,75.0,20.2,30.7
204.0,138.0,4.4,43.3
108.0,106.0,14.5,35.4
150.0,119.0,16.9,34.3
234.0,116.0,24.7,37.1
266.0,98.0,19.6,36.3
69.0,76.0,28.2,51.1
237.0,117.0,11.1,70.2
127.0,111.0,36.2,18.6
576.0,165.0,9.6,53.7
124.0,78.0,16.3,59.7
100.0,86.0,24.6,44.9
293.0,95.0,14.8,61.3
137.0,108.0,28.8,25.1
184.0,126.0,8.3,79.8
333.0,134.0,22.8,42.7
50.0,61.0,25.1,48.0
122.0,71.0,29.4,53.1
760.0,158.0,9.7,70.1
26.0,35.0,22.2,18.9
256.0,148.0,10.7,33.1
90.0,44.0,18.2,76.9
66.0,85.0,31.2,24.6
147.0,102.0,14.6,53.1
564.0,158.0,16.0,67.8
189.0,130.0,4.3,50.0
119.0,86.0,8.0,68.9
92.0,97.0,20.8,36.3
53.0,60.0,7.2,67.5
305.0,117.0,26.2,24.4
81.0,95.0,29.8,41.7
662.0,147.0,12.5,65.1
95.0,70.0,4.2,77.0
185.0,63.0,20.8,68.1
312.0,148.0,27.7,25.1
100.0,59.0,9.6,44.2
171.0,119.0,23.3,32.2
266.0,169.0,3.9,79.5
196.0,130.0,8.3,47.8
438.0,181.0,4.6,32.5
269.0,122.0,30.0,31.6
521.0,77.0,16.0,76.3
266.0,83.0,24.8,56.4
61.0,58.0,8.7,64.3
720.0,210.0,11.8,76.1
448.0,95.0,20.8,61.4
125.0,120.0,26.8,29.9
52.0,47.0,38.0,30.7
32.0,39.0,24.9,57.3
93.0,81.0,25.8,27.7
64.0,74.0,22.2,44.1
193.0,110.0,8.6,63.3
128.0,87.0,16.6,36.7
515.0,194.0,12.7,28.9
295.0,127.0,17.8,58.1
103.0,86.0,5.9,54.8
295.0,110.0,21.7,49.6
70.0,87.0,41.1,13.1
144.0,111.0,14.9,59.1
65.0,75.0,21.1,36.5
157.0,123.0,26.7,35.4
456.0,89.0,4.3,85.4
141.0,98.0,23.2,30.5
189.0,93.0,7.0,57.6
33.0,35.0,36.9,30.9
391.0,175.0,9.5,70.0
310.0,148.0,13.4,27.2
71.0,104.0,34.0,30.9
322.0,133.0,10.9,50.0
24.0,35.0,14.1,61.6
413.0,120.0,9.3,37.6
622.0,172.0,8.1,54.1
414.0,158.0,13.8,62.6
174.0,116.0,10.0,74.0
326.0,171.0,18.0,32.9
62.0,74.0,21.7,38.3
200.0,102.0,16.3,65.2
685.0,140.0,12.7,77.5
213.0,123.0,14.1,59.6
224.0,142.0,6.5,32.4
460.0,117.0,21.6,67.7
147.0,110.0,6.0,46.0
169.0,100.0,12.7,80.6
76.0,77.0,25.1,59.9
98.0,87.0,3.9,78.7
54.0,39.0,31.8,38.9
213.0,51.0,19.1,75.6
98.0,95.0,17.0,28.9
255.0,145.0,4.6,64.4
79.0,91.0,9.7,61.6
519.0,150.0,26.6,30.3
196.0,107.0,16.4,50.2
21.0,36.0,31.8,22.3
117.0,85.0,15.6,40.6
326.0,61.0,15.5,77.2
89.0,63.0,13.9,79.6
448.0,168.0,26.5,31.7
146.0,73.0,13.1,64.3
265.0,95.0,15.2,51.0
319.0,90.0,25.8,56.1
75.0,84.0,34.4,26.6
63.0,62.0,18.3,66.5
492.0,177.0,18.9,34.4
177.0,114.0,19.8,54.5
161.0,127.0,22.7,47.7
84.0,89.0,26.1,42.2
165.0,80.0,21.6,44.1
139.0,68.0,12.9,66.5
96.0,101.0,25.3,30.0
252.0,148.0,8.2,41.8
37.0,50.0,29.1,40.8
146.0,86.0,17.2,53.9
800.0,191.0,11.8,65.5
339.0,159.0,8.0,39.8
104.0,103.0,27.3,36.8
87.0,79.0,9.3,62.2
217.0,139.0,9.0,41.4
52.0,60.0,22.3,35.3
62.0,44.0,8.9,77.1
172.0,102.0,20.5,47.7
235.0,156.0,28.3,13.5
115.0,88.0,25.8,19.5
152.0,125.0,23.0,46.2
69.0,58.0,23.7,39.1
709.0,204.0,13.7,28.1
550.0,158.0,10.7,70.9
156.0,120.0,33.5,36.0
72.0,66.0,4.2,75.9
90.0,74.0,33.3,32.8
68.0,58.0,11.6,61.0
148.0,108.0,9.7,45.1
378.0,110.0,28.7,45.1
231.0,161.0,5.1,45.6
403.0,238.0,4.9,78.2
212.0,132.0,15.5,40.7
278.0,158.0,9.7,25.7
48.0,69.0,31.8,18.7
85.0,68.0,25.4,39.2
260.0,196.0,30.0,19.4
278.0,190.0,37.0,26.5
471.0,216.0,8.3,57.6
272.0,118.0,23.5,40.0
109.0,92.0,29.8,45.2
130.0,110.0,4.8,38.0
185.0,180.0,35.6,23.4
192.0,107.0,11.4,66.6
138.0,119.0,28.1,21.9
180.0,128.0,27.0,20.2
550.0,201.0,13.2,51.4
99.0,77.0,12.0,44.2
63.0,55.0,11.7,64.6
202.0,161.0,32.5,26.0
290.0,141.0,16.3,43.5
180.0,162.0,31.0,17.1
446.0,149.0,11.3,58.1
284.0,117.0,9.6,83.0
144.0,114.0,22.6,39.3
193.0,107.0,28.1,47.4
176.0,109.0,21.9,39.4
259.0,127.0,21.6,39.6
47.0,70.0,14.8,40.8
72.0,56.0,27.6,52.1
529.0,175.0,18.6,46.6
638.0,174.0,4.8,53.1
484.0,174.0,17.6,53.1
95.0,72.0,10.1,69.8
240.0,128.0,20.0,33.0
24.0,30.0,23.3,62.0
318.0,127.0,9.9,67.6
224.0,102.0,7.9,59.2
668.0,217.0,16.9,40.3
40.0,51.0,25.5,61.6
224.0,150.0,12.4,52.2
103.0,47.0,21.6,33.4
33.0,50.0,22.2,42.8
232.0,81.0,19.4,80.5
425.0,185.0,15.0,57.6
105.0,102.0,31.1,18.2
236.0,120.0,4.9,40.6
169.0,99.0,23.6,50.0
205.0,146.0,12.0,27.7
61.0,78.0,33.3,19.2
53.0,67.0,29.3,50.2
95.0,112.0,34.0,19.2
78.0,86.0,11.0,61.4
285.0,118.0,21.7,44.2
69.0,73.0,20.9,28.8
326.0,88.0,25.1,56.0
188.0,143.0,5.6,71.9
224.0,62.0,20.0,63.3
270.0,113.0,12.8,68.0
146.0,137.0,29.0,33.6
36.0,53.0,15.0,59.8
189.0,113.0,16.5,42.6
118.0,102.0,18.0,34.8
81.0,76.0,19.6,24.9
154.0,125.0,30.4,23.2
461.0,192.0,15.0,50.2
758.0,196.0,13.0,60.9
355.0,129.0,10.7,59.8
465.0,132.0,23.9,54.4
364.0,134.0,26.6,44.3
679.0,189.0,7.1,50.0
76.0,91.0,39.3,13.9
193.0,109.0,30.4,26.4
337.0,66.0,19.2,68.8
481.0,183.0,10.8,48.1
191.0,115.0,11.9,38.4
225.0,118.0,6.4,43.7
153.0,102.0,15.0,52.0
55.0,40.0,20.6,56.6
94.0,66.0,14.7,67.3
575.0,148.0,14.0,65.4
479.0,109.0,8.8,79.4
420.0,163.0,28.2,24.8
479.0,213.0,28.8,39.0
41.0,14.0,20.2,28.6
24.0,40.0,19.8,50.3
155.0,111.0,24.3,31.1
684.0,194.0,16.4,44.6
176.0,122.0,16.1,47.6
456.0,99.0,20.2,55.6
55.0,57.0,14.1,44.9
202.0,142.0,29.3,34.8
216.0,66.0,18.7,69.0
184.0,118.0,12.4,53.4
103.0,101.0,22.4,46.9
189.0,96.0,23.7,55.4
224.0,113.0,13.4,61.3
329.0,134.0,15.3,55.2
63.0,69.0,11.9,74.8
231.0,145.0,2.9,42.8
297.0,75.0,18.8,62.5
64.0,56.0,6.1,40.8
568.0,177.0,12.9,68.8
399.0,200.0,10.4,18.0
75.0,67.0,16.9,66.5
160.0,119.0,11.8,67.9
322.0,106.0,17.4,65.0
401.0,188.0,29.4,36.4
152.0,115.0,25.4,39.8
267.0,87.0,28.6,37.6
116.0,119.0,30.9,24.4
38.0,55.0,16.4,62.2
217.0,79.0,18.7,73.1
183.0,95.0,24.8,47.4
95.0,92.0,10.5,57.9
47.0,45.0,4.5,63.1
125.0,92.0,16.0,41.3
280.0,86.0,9.8,81.4
292.0,128.0,3.0,52.5
247.0,81.0,21.1,68.6
514.0,132.0,21.7,54.8
120.0,116.0,41.3,13.0
241.0,100.0,14.2,71.7
13.0,21.0,15.8,45.2
58.0,34.0,23.5,67.4
490.0,207.0,8.5,50.9
658.0,126.0,19.6,58.3
349.0,153.0,18.3,54.8
193.0,114.0,12.0,72.3
110.0,75.0,14.9,58.9
173.0,94.0,22.1,42.8
422.0,192.0,7.1,58.1
707.0,159.0,6.5,80.0
346.0,150.0,14.6,59.6
185.0,159.0,27.8,26.6
12.0,21.0,21.7,42.6
404.0,103.0,25.2,53.3
147.0,49.0,17.9,74.8
93.0,81.0,14.1,64.9
252.0,99.0,13.4,61.9
296.0,117.0,12.4,72.6
245.0,151.0,25.7,41.0
295.0,124.0,14.8,61.3
81.0,83.0,12.0,79.8
39.0,54.0,37.6,16.4
131.0,70.0,12.0,77.4
147.0,95.0,21.1,30.2
105.0,78.0,20.2,40.1
285.0,156.0,15.6,40.0
46.0,64.0,24.3,38.1
88.0,77.0,10.3,65.2
307.0,141.0,7.3,63.1
25.0,37.0,17.2,47.2
274.0,149.0,12.1,53.3
121.0,88.0,3.7,45.8
23.0,34.0,37.1,27.2
149.0,113.0,19.3,63.1
106.0,42.0,23.4,65.7
284.0,127.0,15.0,56.2
130.0,105.0,7.7,54.4
117.0,107.0,32.4,25.7
198.0,125.0,7.3,35.0
138.0,95.0,25.7,19.4
109.0,71.0,13.7,60.4
579.0,175.0,4.7,83.4
47.0,53.0,8.2,60.8
170.0,128.0,14.3,52.5
227.0,148.0,16.1,41.0
132.0,110.0,19.7,28.5
59.0,44.0,11.0,40.5
322.0,168.0,6.9,41.3
63.0,61.0,21.2,39.3
340.0,137.0,14.7,16.6
412.0,151.0,14.4,58.2
149.0,125.0,27.1,38.9
58.0,69.0,16.4,79.2
295.0,167.0,10.1,36.7
325.0,191.0,4.5,49.6
163.0,124.0,20.9,33.2
237.0,127.0,12.0,67.5
46.0,39.0,8.6,58.8
189.0,140.0,36.2,18.0
151.0,71.0,24.0,54.4
70.0,77.0,31.7,28.2
351.0,169.0,26.8,17.9
613.0,143.0,9.3,71.2
79.0,57.0,21.1,44.5
104.0,103.0,32.3,19.7
313.0,148.0,26.2,48.7
88.0,106.0,29.7,24.2
113.0,85.0,3.3,42.3
241.0,138.0,3.9,80.9
309.0,121.0,9.8,30.3
39.0,48.0,20.2,47.1
50.0,68.0,26.0,48.0
97.0,87.0,29.2,27.0
718.0,138.0,10.0,82.6
102.0,74.0,8.6,51.5
178.0,101.0,13.0,71.9
214.0,145.0,5.5,49.6
299.0,126.0,14.4,80.8
33.0,49.0,13.9,43.6
375.0,232.0,5.7,72.5
67.0,65.0,24.4,29.6
190.0,136.0,10.8,65.7
38.0,54.0,9.1,68.1
268.0,140.0,2.1,36.6
659.0,200.0,20.1,43.2
369.0,136.0,18.4,59.2
529.0,151.0,13.9,32.3
71.0,73.0,27.0,47.1
88.0,82.0,10.6,57.7
496.0,110.0,23.2,65.6
549.0,153.0,13.4,59.9
147.0,60.0,16.0,75.9
41.0,46.0,16.4,54.0
54.0,52.0,17.9,30.7
220.0,130.0,17.9,46.1
479.0,145.0,14.1,65.9
128.0,87.0,21.2,49.3
390.0,96.0,22.9,59.1
49.0,65.0,29.6,24.1
129.0,110.0,32.7,25.8
65.0,80.0,14.5,49.4
185.0,121.0,22.7,45.8
260.0,117.0,20.4,50.5
164.0,121.0,24.3,31.0
132.0,114.0,25.8,33.0
361.0,141.0,12.6,36.6
261.0,135.0,23.8,33.4
337.0,135.0,16.8,58.9
21.0,29.0,23.8,61.3
59.0,70.0,28.2,41.9
543.0,169.0,1.4,61.3
230.0,140.0,28.1,22.4
681.0,180.0,12.0,51.0
31.0,51.0,20.8,54.4
308.0,150.0,10.1,34.4
280.0,177.0,8.4,45.2
252.0,95.0,21.9,30.7
532.0,117.0,21.6,68.0
165.0,109.0,15.3,49.2
161.0,62.0,22.9,65.7
141.0,102.0,0.2,30.2
445.0,166.0,7.6,40.1
343.0,137.0,13.5,67.1
138.0,100.0,17.3,58.8
224.0,101.0,5.0,48.8
190.0,133.0,28.0,19.1
40.0,45.0,23.7,46.7
27.0,42.0,23.9,45.6
600.0,178.0,16.7,58.0
436.0,171.0,11.8,44.3
117.0,125.0,42.0,15.8
11.0,17.0,37.3,20.5
138.0,76.0,12.4,64.0
101.0,84.0,11.6,62.7
59.0,41.0,10.8,35.4
88.0,86.0,39.0,23.7
65.0,86.0,32.2,37.4
362.0,102.0,26.5,52.2
464.0,84.0,16.0,72.2
178.0,127.0,16.0,50.9
103.0,74.0,4.7,49.0
128.0,103.0,15.2,52.9
102.0,93.0,19.5,36.9
309.0,171.0,28.1,35.2
31.0,43.0,21.6,45.8
91.0,81.0,20.0,32.7
245.0,175.0,30.5,22.7
194.0,118.0,5.0,50.4
174.0,106.0,16.2,55.6
147.0,119.0,18.3,35.9
228.0,148.0,20.3,43.1
181.0,137.0,21.5,34.5
97.0,85.0,3.6,44.5
180.0,121.0,10.3,35.0
187.0,119.0,16.0,60.2
122.0,93.0,0.0,29.7
133.0,127.0,32.2,18.9
30.0,50.0,20.0,34.5
50.0,49.0,3.9,81.5
43.0,43.0,21.5,45.6
304.0,106.0,12.4,77.5
180.0,132.0,13.5,28.3
542.0,170.0,5.2,83.1
362.0,118.0,8.2,78.4
302.0,92.0,16.0,58.1
92.0,92.0,15.6,58.3
658.0,227.0,11.1,52.0
482.0,167.0,15.4,23.5
75.0,78.0,8.1,62.1
105.0,69.0,6.8,58.6
21.0,28.0,11.1,60.1
103.0,96.0,11.9,71.1
120.0,103.0,25.2,42.7
105.0,69.0,16.0,61.6
283.0,150.0,16.3,28.8
309.0,100.0,19.5,57.7
97.0,101.0,23.9,40.9
91.0,76.0,15.7,78.6
129.0,91.0,4.6,38.1
118.0,113.0,30.1,22.1
169.0,119.0,4.3,48.6
159.0,121.0,27.3,35.3
65.0,60.0,28.2,55.0
34.0,55.0,25.6,45.8
159.0,111.0,23.9,30.0
429.0,144.0,32.8,18.9
197.0,137.0,4.1,42.9
691.0,235.0,10.5,38.9
206.0,97.0,17.5,67.1
108.0,104.0,22.2,53.9
91.0,93.0,33.4,35.1
293.0,175.0,26.9,18.3
100.0,63.0,6.7,75.0
46.0,53.0,11.9,57.4
216.0,134.0,1.3,63.1
241.0,82.0,12.1,62.6
258.0,156.0,8.6,56.3
391.0,114.0,18.7,53.0
65.0,82.0,38.0,16.8
540.0,169.0,25.8,46.9
390.0,146.0,14.2,27.7
71.0,50.0,13.7,64.4
65.0,43.0,18.4,73.8
86.0,77.0,20.7,31.6
50.0,55.0,10.7,67.2
172.0,97.0,17.0,70.7
83.0,71.0,36.4,27.1
279.0,116.0,16.9,56.5
581.0,159.0,13.6,58.9
282.0,165.0,32.4,24.8
253.0,141.0,33.7,15.4
116.0,91.0,14.4,43.6
128.0,84.0,11.1,50.5
89.0,67.0,10.7,69.5
77.0,78.0,14.2,64.1
358.0,159.0,14.2,57.8
186.0,129.0,29.3,15.8
92.0,86.0,21.3,26.4
39.0,56.0,38.9,15.6
270.0,130.0,15.9,59.4
263.0,161.0,25.8,23.2
341.0,145.0,8.1,85.0
52.0,71.0,12.9,33.9
598.0,191.0,25.8,44.2
191.0,127.0,10.7,37.2
258.0,167.0,6.6,46.0
203.0,74.0,22.1,67.3
728.0,182.0,14.1,57.8
112.0,96.0,16.1,53.1
227.0,116.0,1.3,65.3
353.0,179.0,24.3,23.7
707.0,170.0,15.8,70.5
303.0,175.0,5.3,80.2
155.0,117.0,26.1,30.0
571.0,196.0,20.8,31.3
100.0,63.0,11.5,38.0
155.0,109.0,7.5,65.9
75.0,54.0,29.1,48.4
284.0,117.0,5.5,66.5
19.0,30.0,21.0,53.1
118.0,92.0,29.1,37.4
76.0,88.0,29.9,37.9
764.0,246.0,9.5,39.0
355.0,147.0,12.0,34.3
58.0,49.0,4.0,47.8
149.0,126.0,24.5,35.7
371.0,135.0,20.2,72.3
47.0,52.0,23.4,34.9
47.0,62.0,22.8,48.9
263.0,97.0,13.2,75.8
324.0,181.0,5.5,43.5
26.0,35.0,17.3,54.1
55.0,74.0,12.4,31.9
596.0,162.0,12.9,61.5
127.0,93.0,10.6,59.5
177.0,107.0,23.4,39.4
55.0,50.0,3.1,44.4
25.0,34.0,26.1,60.3
257.0,88.0,23.4,40.4
602.0,178.0,11.4,62.9
278.0,174.0,39.6,16.9
95.0,99.0,14.1,46.0
199.0,137.0,8.5,36.3
555.0,119.0,18.0,74.8
219.0,143.0,4.3,49.4
228.0,121.0,24.7,46.4
276.0,149.0,13.6,63.5
100.0,82.0,6.3,49.6
251.0,149.0,19.6,35.5
143.0,47.0,24.5,61.3
141.0,120.0,31.9,38.4
474.0,113.0,20.8,58.7
259.0,144.0,14.7,47.0
214.0,84.0,16.9,81.4
459.0,155.0,14.3,61.2
355.0,218.0,4.6,77.6
258.0,67.0,18.5,70.4
98.0,51.0,15.7,76.3
114.0,45.0,14.9,72.3
172.0,143.0,32.6,24.1
404.0,184.0,5.5,60.2
79.0,88.0,14.8,60.6
103.0,51.0,24.1,59.0
71.0,77.0,37.4,14.7
15.0,24.0,21.3,54.9
144.0,117.0,27.2,42.5
223.0,131.0,3.0,60.2
51.0,54.0,21.6,45.3
489.0,188.0,27.5,38.1
306.0,143.0,22.1,27.6
159.0,103.0,11.9,32.4
21.0,36.0,37.9,15.9
333.0,188.0,14.6,44.5
75.0,62.0,23.8,65.0
134.0,120.0,26.8,45.1
289.0,96.0,13.8,85.3
106.0,90.0,11.5,56.8
172.0,102.0,25.7,33.0
39.0,35.0,25.0,60.7
193.0,125.0,15.7,60.2
82.0,91.0,7.1,61.8
25.0,33.0,22.5,48.6
332.0,106.0,18.2,55.8
148.0,100.0,16.1,57.4
192.0,138.0,21.5,24.5
72.0,81.0,21.1,26.2
272.0,139.0,26.4,29.9
261.0,116.0,12.4,24.0
215.0,160.0,32.8,33.4
166.0,111.0,11.3,58.0
21.0,30.0,15.6,44.4
552.0,167.0,3.9,57.3
553.0,204.0,28.5,37.2
562.0,181.0,19.1,36.7
123.0,112.0,20.8,33.2
68.0,57.0,14.8,63.5
152.0,101.0,13.9,80.4
527.0,122.0,13.2,69.9
183.0,102.0,9.8,41.9
481.0,174.0,26.1,24.8
30.0,34.0,37.4,28.2
272.0,161.0,7.2,56.7
332.0,193.0,5.8,42.0
224.0,85.0,22.2,48.0
143.0,63.0,24.3,63.3
135.0,68.0,22.5,52.3
277.0,134.0,10.2,49.4
182.0,124.0,6.2,51.3
166.0,117.0,24.4,40.0
152.0,119.0,14.7,55.9
173.0,64.0,18.2,41.9
391.0,127.0,14.6,46.5
39.0,41.0,24.7,55.9
274.0,120.0,32.1,33.5
444.0,90.0,20.2,68.9
161.0,118.0,22.7,22.9
190.0,129.0,13.9,53.6
215.0,109.0,16.0,78.5
500.0,215.0,8.5,42.4
319.0,135.0,14.2,54.1
316.0,121.0,17.9,51.4
510.0,90.0,12.3,79.0
101.0,75.0,4.1,52.2
180.0,128.0,9.2,34.5
37.0,52.0,17.6,54.6
180.0,112.0,18.2,58.8
120.0,108.0,28.2,28.7
568.0,200.0,19.3,34.7
197.0,126.0,9.6,81.1
57.0,39.0,10.7,36.0
181.0,125.0,10.4,74.4
214.0,104.0,21.7,53.9
317.0,111.0,25.4,50.8
95.0,59.0,14.0,55.2
382.0,126.0,6.6,83.3
277.0,70.0,12.4,77.1
226.0,71.0,22.0,67.0
626.0,204.0,10.8,52.4
459.0,146.0,4.7,82.3
102.0,96.0,11.8,50.8
214.0,89.0,31.6,25.5
353.0,138.0,32.6,34.8
157.0,103.0,23.5,41.2
92.0,70.0,9.0,23.1
120.0,90.0,5.7,50.1
174.0,130.0,25.0,28.7
357.0,172.0,7.8,41.3
100.0,58.0,15.5,42.4
289.0,156.0,18.8,31.5
43.0,54.0,35.1,25.2
42.0,27.0,15.3,53.1
119.0,89.0,19.2,35.4
558.0,126.0,21.4,59.4
47.0,63.0,26.7,40.0
108.0,113.0,42.8,14.3
224.0,71.0,20.8,73.1
260.0,107.0,8.8,71.0
623.0,140.0,14.4,65.8
92.0,107.0,14.3,55.4
318.0,104.0,21.9,53.1
145.0,102.0,13.8,64.7
159.0,114.0,29.2,9.8
80.0,82.0,26.1,30.3
147.0,130.0,22.3,32.1
331.0,136.0,24.0,43.1
51.0,58.0,27.2,28.2
481.0,152.0,4.5,53.0
211.0,106.0,17.0,50.5
290.0,170.0,3.8,83.8
436.0,147.0,10.7,65.0
79.0,73.0,18.8,49.0
745.0,158.0,15.6,71.4
121.0,108.0,19.2,44.9
52.0,69.0,22.4,34.9
67.0,77.0,35.2,22.3
75.0,62.0,8.5,51.9
91.0,93.0,17.6,47.6
231.0,145.0,10.2,55.8
206.0,95.0,4.8,64.6
58.0,64.0,21.1,47.1
169.0,77.0,23.5,57.7
27.0,26.0,4.1,45.9
386.0,132.0,12.8,73.6
279.0,99.0,17.8,36.5
102.0,73.0,21.8,33.9
445.0,129.0,20.7,58.6
472.0,165.0,9.9,44.0
326.0,92.0,22.3,57.1
469.0,123.0,18.0,58.0
594.0,155.0,9.7,61.9
484.0,200.0,14.1,60.8
215.0,122.0,20.8,54.4
287.0,105.0,8.4,75.9
172.0,125.0,29.0,33.4
138.0,103.0,20.2,28.5
141.0,94.0,22.3,24.1
188.0,140.0,26.7,28.9
73.0,83.0,27.8,52.6
467.0,119.0,22.3,62.5
180.0,86.0,11.7,78.6
178.0,123.0,19.8,44.3
112.0,70.0,21.5,45.6
242.0,117.0,12.1,65.6
169.0,64.0,23.1,47.0
228.0,177.0,39.2,14.5
239.0,161.0,18.4,33.8
115.0,101.0,28.9,29.3
109.0,62.0,10.6,61.3
157.0,118.0,13.8,32.4
159.0,113.0,21.0,22.3
227.0,124.0,33.5,19.9
126.0,106.0,16.6,35.6
258.0,138.0,21.0,37.9
363.0,109.0,21.3,55.8
35.0,44.0,20.2,53.8
79.0,81.0,28.2,19.4
189.0,84.0,14.8,37.5
102.0,97.0,30.1,23.5
28.0,22.0,10.4,38.6
803.0,115.0,10.3,80.3
235.0,126.0,5.7,44.1
124.0,97.0,25.7,28.4
37.0,34.0,1.4,53.8
127.0,48.0,15.5,78.5
104.0,97.0,26.0,22.7
155.0,149.0,40.4,14.5
282.0,184.0,33.7,22.6
237.0,142.0,3.3,52.2
202.0,139.0,26.5,35.0
169.0,137.0,35.3,18.8
71.0,60.0,0.7,41.2
106.0,77.0,4.0,50.4
118.0,110.0,28.9,41.0
532.0,214.0,13.5,35.0
57.0,62.0,25.9,64.5
174.0,117.0,11.8,56.6
312.0,162.0,29.8,33.1
32.0,39.0,35.4,31.3
88.0,76.0,19.3,51.4
52.0,60.0,22.0,31.9
87.0,81.0,3.3,84.5
93.0,79.0,7.3,48.7
56.0,64.0,13.7,61.6
57.0,76.0,13.1,26.8
261.0,107.0,21.7,50.6
128.0,100.0,12.0,61.1
407.0,194.0,15.5,45.0
44.0,74.0,26.4,52.2
178.0,132.0,34.2,27.2
143.0,105.0,29.4,38.7
204.0,154.0,16.3,56.6
147.0,87.0,22.1,61.3
256.0,145.0,16.7,57.4
77.0,73.0,25.9,28.7
166.0,114.0,12.0,53.3
358.0,141.0,26.9,34.4
677.0,116.0,18.6,66.3
109.0,98.0,29.3,35.9
320.0,109.0,16.9,66.1
502.0,188.0,9.4,36.7
111.0,116.0,25.3,30.9
209.0,119.0,23.6,47.3
26.0,43.0,22.1,53.5
287.0,113.0,8.0,76.2
28.0,40.0,38.5,14.8
368.0,133.0,11.5,68.7
224.0,101.0,5.3,73.2
204.0,100.0,28.4,28.3
239.0,128.0,12.3,78.3
79.0,91.0,28.4,34.4
117.0,95.0,22.5,36.8
324.0,111.0,18.1,20.8
41.0,66.0,11.6,33.6
93.0,74.0,27.0,40.8
99.0,94.0,36.3,16.0
245.0,118.0,35.5,21.2
157.0,129.0,11.3,71.3
122.0,103.0,14.9,52.0
84.0,95.0,27.3,49.4
226.0,106.0,3.3,68.2
25.0,37.0,18.4,27.6
36.0,59.0,20.8,32.3
161.0,123.0,25.9,25.9
39.0,50.0,34.3,22.5
107.0,52.0,23.8,60.2
140.0,74.0,19.4,69.3
334.0,137.0,6.2,59.6
42.0,56.0,39.0,15.1
344.0,138.0,12.5,63.2
89.0,89.0,21.4,22.7
95.0,107.0,30.4,26.5
641.0,152.0,17.8,45.7
419.0,101.0,19.8,81.0
141.0,88.0,20.1,57.0
278.0,163.0,8.9,38.1
271.0,168.0,19.4,42.5
379.0,115.0,17.3,57.1
129.0,54.0,15.6,70.8
95.0,58.0,13.7,67.8
163.0,116.0,5.6,48.0
67.0,61.0,27.5,50.4
304.0,152.0,28.5,31.7
242.0,126.0,14.4,77.4
429.0,134.0,10.7,34.2
209.0,139.0,12.7,74.2
299.0,147.0,12.5,32.3
137.0,117.0,28.5,23.8
61.0,62.0,30.1,25.4
196.0,123.0,7.8,65.5
51.0,60.0,23.6,38.1
485.0,158.0,13.0,53.9
644.0,212.0,10.6,55.3
355.0,187.0,17.5,40.7
176.0,113.0,35.3,13.8
22.0,33.0,26.7,61.0
51.0,68.0,38.5,21.8
154.0,120.0,4.3,36.6
216.0,155.0,27.6,25.7
89.0,101.0,15.3,61.4
73.0,76.0,19.2,42.3
210.0,117.0,3.7,76.4
101.0,81.0,8.0,53.8
154.0,87.0,23.1,41.3
124.0,108.0,24.7,36.9
94.0,77.0,17.7,56.4
116.0,99.0,19.1,26.2
227.0,133.0,6.7,49.5
251.0,112.0,24.2,27.2
127.0,58.0,22.7,30.2
92.0,84.0,23.9,34.3
151.0,115.0,8.4,56.3
247.0,165.0,30.1,32.8
481.0,144.0,16.4,72.1
93.0,94.0,14.1,40.2
156.0,85.0,2.2,60.1
117.0,125.0,37.6,21.1
179.0,68.0,18.6,60.0
43.0,54.0,25.7,37.9
407.0,94.0,21.3,66.3
270.0,141.0,14.0,76.3
90.0,93.0,27.5,31.6
174.0,97.0,11.0,57.3
132.0,99.0,13.2,31.8
155.0,117.0,3.8,45.9
84.0,82.0,8.1,79.0
198.0,49.0,18.7,74.4
262.0,182.0,10.8,25.2
50.0,45.0,7.1,56.0
115.0,64.0,13.2,62.9
54.0,62.0,35.1,29.6
351.0,176.0,9.4,27.3
190.0,137.0,27.3,40.7
706.0,165.0,6.1,60.5
219.0,140.0,27.2,22.5
111.0,90.0,28.0,46.9
693.0,193.0,8.0,38.3
59.0,51.0,6.9,42.2
249.0,147.0,16.1,50.2
128.0,104.0,12.5,58.9
619.0,226.0,13.8,43.6
97.0,77.0,11.6,76.4
244.0,130.0,13.3,35.6
135.0,100.0,18.5,42.8
120.0,117.0,35.1,19.2
81.0,72.0,8.4,48.6
150.0,96.0,2.9,48.7
245.0,142.0,23.7,31.0
59.0,28.0,17.2,33.9
191.0,151.0,24.7,31.5
25.0,36.0,21.4,47.8
94.0,79.0,2.6,58.6
210.0,77.0,20.8,71.7
165.0,121.0,9.3,33.8
193.0,106.0,34.6,22.4
510.0,192.0,15.3,52.6
252.0,144.0,14.2,65.4
254.0,163.0,11.2,36.2
120.0,105.0,24.0,47.3
123.0,92.0,24.2,21.7
66.0,62.0,25.6,37.0
61.0,81.0,20.9,59.8
58.0,65.0,15.6,63.9
337.0,117.0,18.9,18.9
344.0,164.0,5.4,65.8
402.0,205.0,1.3,67.2
185.0,142.0,35.4,14.7
532.0,127.0,21.7,62.9
276.0,135.0,33.0,20.1
714.0,204.0,12.7,30.0
341.0,180.0,30.9,28.2
145.0,99.0,21.5,47.9
141.0,74.0,15.0,52.8
345.0,153.0,6.8,36.1
168.0,115.0,27.1,38.8
295.0,144.0,0.3,61.0
196.0,127.0,16.9,52.3
649.0,247.0,12.1,36.9
101.0,82.0,8.8,40.0
99.0,91.0,9.8,50.8
461.0,135.0,22.9,61.6
169.0,120.0,33.5,22.9
105.0,86.0,24.6,36.7
174.0,114.0,18.6,42.8
193.0,113.0,9.5,64.1
216.0,118.0,22.4,41.1
189.0,142.0,4.2,78.2
75.0,73.0,20.5,49.3
207.0,110.0,13.8,58.2
52.0,64.0,37.9,12.7
137.0,93.0,20.7,42.4
161.0,121.0,25.6,33.3
96.0,43.0,16.1,69.3
272.0,121.0,11.5,46.4
383.0,82.0,16.2,75.9
36.0,45.0,32.2,40.3
242.0,91.0,19.3,71.6
123.0,75.0,3.1,69.2
289.0,165.0,5.9,45.4
165.0,137.0,37.4,17.3
36.0,48.0,38.9,20.3
99.0,85.0,13.3,61.8
136.0,121.0,27.4,28.2
11.0,16.0,27.7,52.5
350.0,128.0,15.6,62.0
206.0,126.0,31.9,18.3
384.0,187.0,18.8,49.2
216.0,148.0,26.5,27.0
254.0,100.0,20.2,54.5
499.0,94.0,23.7,49.1
277.0,94.0,14.9,59.2
343.0,173.0,26.1,20.8
527.0,164.0,9.6,65.9
747.0,165.0,7.2,58.6
274.0,157.0,7.7,39.0
87.0,91.0,16.1,52.0
73.0,41.0,16.5,71.0
34.0,37.0,12.8,49.3
387.0,183.0,16.2,53.0
212.0,139.0,16.4,47.5
74.0,97.0,26.7,60.1
340.0,142.0,14.2,26.8
66.0,51.0,14.2,65.1
87.0,76.0,8.5,30.4
73.0,70.0,20.4,55.8
448.0,143.0,11.9,59.1
72.0,67.0,14.3,55.4
109.0,63.0,8.2,57.9
439.0,115.0,13.4,79.9
106.0,87.0,25.5,22.6
34.0,45.0,23.2,52.3
145.0,64.0,27.3,38.3
445.0,196.0,8.2,30.1
774.0,151.0,16.7,67.3
492.0,122.0,13.0,77.8
598.0,139.0,11.7,80.0
577.0,132.0,10.3,75.1
348.0,156.0,15.7,54.4
190.0,114.0,12.6,70.2
125.0,93.0,13.5,37.8
152.0,111.0,15.7,50.9
96.0,48.0,21.3,63.9
138.0,80.0,11.4,70.5
125.0,94.0,12.3,65.8
560.0,168.0,6.5,67.6
323.0,142.0,22.9,35.2
30.0,44.0,6.3,65.0
25.0,37.0,21.6,48.1
124.0,100.0,17.8,30.3
475.0,115.0,23.3,57.9
165.0,109.0,15.2,73.3
444.0,183.0,21.5,39.1
583.0,136.0,12.1,67.6
317.0,104.0,15.6,56.2
73.0,62.0,12.8,63.6
152.0,132.0,31.3,24.1
166.0,123.0,17.6,43.7
201.0,134.0,22.0,34.1
221.0,107.0,7.8,47.4
18.0,34.0,22.8,41.3
177.0,79.0,17.5,59.4
117.0,117.0,22.3,33.6
274.0,119.0,9.0,69.8
368.0,120.0,13.5,58.2
542.0,101.0,13.1,78.7
59.0,67.0,29.1,29.6
132.0,94.0,23.8,31.7
89.0,66.0,2.5,52.7
51.0,61.0,16.8,59.5
558.0,123.0,10.0,83.6
129.0,84.0,17.3,68.3
156.0,110.0,3.7,35.0
127.0,103.0,14.1,65.7
244.0,92.0,14.6,60.6
156.0,114.0,8.6,57.3
157.0,115.0,12.6,30.6
503.0,154.0,9.5,66.2
619.0,129.0,23.2,56.6
30.0,37.0,24.5,56.9
263.0,145.0,27.1,34.9
310.0,129.0,35.0,17.3
57.0,52.0,17.4,33.9
388.0,157.0,17.6,54.4
33.0,37.0,14.7,65.2
60.0,66.0,34.4,30.6
550.0,189.0,10.9,52.4
363.0,149.0,33.4,20.3
121.0,106.0,28.9,39.1
221.0,152.0,6.9,42.5
223.0,74.0,21.3,68.5
195.0,134.0,11.9,53.4
146.0,67.0,14.1,60.6
54.0,67.0,17.6,57.6
211.0,119.0,16.6,55.6
356.0,128.0,4.9,80.1
44.0,51.0,16.3,59.8
365.0,112.0,26.4,49.8
620.0,212.0,16.6,56.5
119.0,101.0,18.6,35.4
70.0,73.0,37.2,20.5
160.0,89.0,24.9,52.9
124.0,100.0,23.7,46.0
119.0,86.0,28.7,13.7
51.0,61.0,32.5,27.6
467.0,208.0,7.1,43.9
587.0,112.0,12.7,77.2
81.0,61.0,13.1,72.5
220.0,105.0,9.6,53.9
63.0,49.0,11.2,38.3
109.0,86.0,12.7,40.8
515.0,179.0,10.5,55.1
551.0,225.0,22.1,25.6
62.0,80.0,27.0,30.7
42.0,64.0,20.1,42.0
86.0,88.0,27.4,55.5
33.0,44.0,38.2,19.6
355.0,98.0,12.8,73.8
206.0,91.0,20.3,66.4
341.0,151.0,8.0,41.0
151.0,125.0,27.3,47.1
723.0,178.0,7.2,78.5
63.0,85.0,40.2,17.7
565.0,85.0,19.7,68.9
67.0,42.0,11.1,55.6
14.0,24.0,36.8,16.9
207.0,162.0,26.6,30.2
595.0,156.0,12.6,63.9
325.0,173.0,17.6,46.1
252.0,116.0,37.1,15.0
65.0,75.0,15.8,36.5
320.0,158.0,28.3,17.9
93.0,74.0,24.1,63.5
536.0,132.0,5.8,81.3
121.0,90.0,3.2,56.0
765.0,189.0,7.9,77.1
190.0,158.0,28.3,24.9
140.0,102.0,13.5,37.4
194.0,132.0,19.7,45.4
103.0,97.0,25.8,40.9
149.0,110.0,25.7,23.8
284.0,99.0,6.0,78.5
106.0,95.0,26.3,33.7
44.0,64.0,14.8,40.8
42.0,46.0,22.0,19.0
112.0,87.0,13.4,41.0
561.0,132.0,19.7,65.4
114.0,107.0,33.2,23.7
76.0,74.0,17.1,60.4
636.0,162.0,7.0,56.3
156.0,111.0,10.7,68.5
130.0,97.0,13.4,65.2
492.0,101.0,17.6,60.8
406.0,96.0,26.2,45.0
148.0,117.0,23.8,27.1
52.0,62.0,38.0,24.0
318.0,128.0,19.2,49.6
178.0,82.0,26.6,30.7
168.0,124.0,33.7,25.5
128.0,89.0,4.9,55.2
51.0,63.0,39.6,24.3
284.0,116.0,17.3,76.3
122.0,80.0,24.2,36.9
171.0,118.0,19.4,42.6
201.0,125.0,7.0,38.4
51.0,49.0,7.1,40.5
126.0,102.0,8.7,31.2
174.0,112.0,10.8,57.4
41.0,49.0,16.2,53.7
295.0,130.0,5.7,59.9
46.0,35.0,19.3,57.0
107.0,55.0,19.8,38.6
39.0,53.0,13.5,50.1
118.0,139.0,36.9,26.9
66.0,60.0,12.9,70.4
170.0,118.0,7.8,28.3
241.0,81.0,19.3,32.3
104.0,84.0,27.9,28.1
341.0,129.0,22.8,42.5
57.0,61.0,36.3,28.3
500.0,168.0,14.7,41.2
70.0,77.0,26.1,33.7
13.0,13.0,11.3,49.5
517.0,101.0,18.0,75.7
52.0,57.0,35.0,29.0
71.0,95.0,34.9,33.4
109.0,55.0,20.4,63.0
100.0,91.0,11.0,58.9
99.0,81.0,18.1,30.6
163.0,124.0,6.4,70.7
42.0,39.0,32.7,34.1
82.0,56.0,11.5,71.5
11.0,12.0,27.5,53.0
523.0,187.0,18.2,36.3
393.0,163.0,16.5,21.6
126.0,95.0,13.3,67.0
46.0,46.0,3.4,85.4
372.0,136.0,26.4,45.4
183.0,121.0,14.2,36.9
72.0,83.0,17.4,46.3
188.0,125.0,26.3,27.5
279.0,109.0,15.4,43.0
302.0,203.0,37.3,19.9
145.0,107.0,8.4,61.0
118.0,121.0,37.8,26.9
245.0,119.0,13.3,63.6
322.0,125.0,12.6,76.5
265.0,162.0,21.8,43.6
19.0,21.0,24.1,63.1
356.0,91.0,20.0,58.4
167.0,83.0,17.4,50.9
223.0,101.0,24.6,44.1
326.0,117.0,13.3,63.3
32.0,43.0,37.7,27.7
127.0,77.0,7.0,77.3
510.0,165.0,10.9,39.7
59.0,69.0,27.8,35.6
87.0,65.0,21.8,54.1
111.0,106.0,31.3,25.4
309.0,114.0,13.5,53.4
590.0,157.0,25.0,28.9
689.0,231.0,12.9,48.8
648.0,175.0,3.8,72.4
210.0,138.0,15.4,51.4
303.0,126.0,17.3,60.8
235.0,110.0,11.2,56.9
109.0,84.0,28.4,34.4
78.0,67.0,10.7,80.7
617.0,194.0,12.0,56.5
583.0,215.0,15.1,49.8
418.0,119.0,25.2,45.8
129.0,121.0,14.5,57.8
157.0,121.0,8.6,32.8
200.0,45.0,19.2,74.7
273.0,127.0,9.9,81.0
100.0,88.0,0.6,53.3
491.0,121.0,10.4,75.4
19.0,30.0,19.7,44.8
140.0,125.0,40.3,14.2
301.0,96.0,8.7,80.8
67.0,66.0,23.6,34.0
126.0,95.0,6.9,35.6
27.0,34.0,21.3,54.5
35.0,44.0,36.2,30.6
210.0,79.0,27.6,28.7
76.0,99.0,37.1,25.6
210.0,147.0,9.0,34.5
125.0,78.0,2.8,55.2
551.0,235.0,11.5,33.0
427.0,130.0,21.0,57.9
229.0,139.0,17.1,51.3
104.0,69.0,12.3,62.7
332.0,83.0,21.9,64.8
51.0,41.0,14.7,64.4
293.0,128.0,5.1,65.5
274.0,167.0,4.2,48.7
44.0,63.0,11.6,62.2
334.0,148.0,19.5,15.3
248.0,95.0,21.1,58.3
